2025-06-15T12:13:30+08:00,法本无意锁青空，勾栏镶玉戏其中。遥取星辰执算草，不昧因果不昧工。
2025-06-08T16:24:22+08:00,可能性中的每一个存在都不应失落，也不会失落。
2025-03-10T09:42:33+08:00,任何现象都有意识参与。
2025-02-26T16:43:05+08:00,所有可能性都是即刻存在的。
2025-02-23T13:37:10+08:00,相对于意识，物质是存在更确定的状态，越宏观越确定，越微观则二者差异越小。
2025-02-22T18:10:10+08:00,微观上粒子层面的确定因果，宏观上物质层面的确定因果，即自然科学所研究的规律。
2025-02-22T12:36:10+08:00,某种意识以某种方式持续观察物质会得到某种确定的结果，即为 「因果」。
2025-02-22T11:14:10+08:00,没有所谓最初或最后的意识或物质，只有当下可能的意识或物质。
2025-02-20T22:41:39+08:00,人不是唯一的观察者，有意识的存在皆可观察。粒子观察则粒子存在，人观察则物质存在。
2025-02-19T13:21:17+08:00,所有「确定性」都始终以 「可能性」 的形式或状态潜伏在「不确定」之下。
2025-02-19T11:14:58+08:00,意识是感知的能力，可以说是一种「确定性」的过滤器或识别器 ，而观察就是其过滤或识别的行为。
2025-02-19T11:06:09+08:00,当「不确定」被观察到，「确定」即刻以某种形式或状态浮现。
2025-02-19T10:52:55+08:00,从「最初」到「最终」，自始至终都没有「真正的」确定性，有的只是可能性。
2025-02-16T15:41:51+08:00,理论与实践驱生「观念」，而后 「共识」 出现， 「规则」 形成。
2025-02-16T15:41:49+08:00,「自我」对 「意义」的解释有无数种，由观念决定。不同的观念产生不同角度和方向的观察，得到不同的确定因果。
2025-02-16T15:15:56+08:00,「意识感知」 整体性的「持续」 认出某种意义，即为「我」。
2025-02-15T19:32:37+08:00,「物质模式」与「意识感知」互为表里，互为动力，螺旋演化。
2025-02-15T11:29:39+08:00,「物质」、「意识」与「时间」都是一种 「确定的因果」，不同层级以不同的观察得到不同的确定因果。
2025-02-12T13:04:44+08:00,游戏是现实的唯一严肃形式，既是创造，也是存在。规则之内自由即兴，自由即兴反塑规则。
2025-02-11T09:57:44+08:00,意识具有多种类型和状态，既非人类独有亦非仅限于生命体，可以说粒子也有某种和人不同类型的「意识」。
2025-02-10T00:02:29+08:00,自始至终都正在成为。
2025-02-09T17:47:15+08:00,专门化的认出某种模式为物质的意识，其自身必然具备足够的物质信息，否则这种「认出」无法达成。反之亦然。
2025-01-26T15:13:18+08:00,不应用理性去控制感性，反之亦然，因为两者 「同出而异名」。理性不是感性的敌人，感性也不是理性的敌人——他们应该互相转化，携手并进，不应压制一个而强调另一个。
2025-01-16T15:30:22+08:00,如果失败是不可避免的，那么就尽可能的以最好的方式去失败。
2025-01-15T13:11:47+08:00,观测不一定是答案，但一定是答案的一部分。可观测的实相自有其意义。
2025-01-10T12:59:43+08:00,子曰：「君子不器。」——《论语·为政》
2025-01-08T13:45:58+08:00,物质存在其物理属性表面的不变性，来自观察者、被观察者在测量过程中，相互之间共同的协调和改变。
2025-01-03T15:37:29+08:00,任一瞬间，物质其无可计量的「相似意向」的基本元素都是在以某种速度出现在某个位置，形成某个层面的整体模式——而后人专门化的意识认出这种模式，视其为物质宇宙。更进一步的，无数这样的瞬间连起来，再次的，形成某种整体模式之连续 ，而后人专门化的意识认出这种连续，视其为物质宇宙之时间。
2024-12-25T09:52:46+08:00,昨天的自我与今日的自我无干，刚才的自我与当下的自我无干。 我既是我，我亦非我。
2024-12-20T15:39:42+08:00,以某种说法， 观察者就是被观察者 。
2024-12-20T15:14:32+08:00,所谓观察，就是以 「己观」 之法，行 「觉察」 之事。
2024-12-16T10:52:51+08:00,「道」无法被定义，只能被 经验 。如果一定要下一个定义，那么首先要确认的是，以谁的说法？或者借用一个物理名词，参照系是什么？
2024-10-17T13:36:52+08:00,灵魂通过 体验 发展自己。
2024-10-17T13:34:38+08:00,旅途的意义既不在 「起点」 ，也不在 「终点」 ，而在 「从起点到终点」 。
2024-10-16T14:07:33+08:00,在自由市场上，虚假若是 「无法被证明」 又或是 「无法广为传播」 ，那么就形同鼓励虚假。
2024-10-11T15:23:15+08:00,宣称 一件事为事实很容易，但是 证明 一件事为事实很难。当通过让群体接受 被宣称 一件事为事实的成本低于让群体接受 被证明 一件事为事实时，群体之间的信任就会崩坏。
2024-10-08T17:26:02+08:00,压力通常会从 有选择 的流向 没有选择 的。有选择的人应该并且有责任阻止压力全部下移。
2024-09-19T09:23:49+08:00,如果买家没有能力对商品进行正确的估价，那么卖家就没有动机提供合理的价格。 更有甚者，在自由市场里，卖家可能会试图破坏买家对商品的评估能力。 例如满是专业名词极其难懂的金融产品。当买家交出自己的评价权，给到无论什么第三方时（证券评级、直播带货、自媒体等），市场离失效也就不远了。
2024-09-19T09:20:39+08:00,通过践踏在别人头上获得的自由，不过是 一群人对另一群人的极权 罢了。
2024-09-19T09:14:50+08:00,一群人的「自由」不能也不应以另一群人的「不自由」为代价。
2024-09-13T09:52:15+08:00,被人们认为是恒常不变的绝对真理，或许只是 人与自然共同的臆想。
2024-09-13T09:49:04+08:00,严格来说，所有理论都是错的，差别在于，他们分别 在什么范围内正确。
2024-09-13T09:19:52+08:00,对事物的描述不等于事物本身，那只是 通往理解事物的其中一条路径 罢了。
2024-08-29T09:23:05+08:00,不要过于关注你「最好」的是什么，而要关注他「需要」的是什么。 能被冠以最好的可能路线屈指可数，但是需要可以有非常多。
2024-08-15T13:36:16+08:00,重要的不在于名相，而在于与名相的关系。知识、方法、理论等，其本身并不重要，都只是一种「途径」。真正重要的是，通过这种「途径」可 获得怎样的「确定性」又否定了哪些「可能性」。
2024-07-25T17:45:50+08:00,不做假设， 判断是当下的。
2024-07-25T11:12:27+08:00,简单并不比复杂高级，反之亦然。 因地制宜，皆看如何方便。
2024-07-24T16:28:46+08:00,缺乏的从来都不是问题的答案，是决心。
2024-05-28T12:15:23+08:00,生存从来都是全体性的。 你死我活只是一种天真的自以为是的凌驾于自然的臆想 ，那最终走向的只会是共同的死亡。
2024-05-17T12:14:59+08:00,过度的极限的挑衅是一种 预期的暴力 ——那也是暴力。
2024-05-05T00:14:41+08:00,弱小不应是被欺凌的理由。
2024-04-22T12:28:19+08:00,并 不存在大彻大悟 ，那只是一种幻想。
2024-03-20T17:38:12+08:00,创造是游戏，除了玩本身，没有其他路径通向它。
2024-03-20T17:08:04+08:00,存在的完整性无法被愚弄且快活的永远在场。
2024-02-29T12:23:35+08:00,存心邪僻，任尔烧香无点益；扶身正大，见吾不拜又何妨。
2024-02-23T18:18:52+08:00,只懂一件事的人不懂任何一件事。事物因比较而被确立与区分。
2024-01-08T13:31:21+08:00,人无信不立，事无信不成。
2023-11-30T14:36:17+08:00,人生不易，众生同行。
2023-11-29T13:57:54+08:00,不确定性游戏四原则：保持存活、极低投入、多多益善、东边不亮西边亮。
2023-11-29T13:55:12+08:00,被吓坏的人。
2023-11-25T14:41:44+08:00,事件是对感受的反应，而群体事件即是对群体感受的反应。
2023-11-23T11:59:26+08:00,过度反应会引起 过度反应。
2023-11-19T12:12:07+08:00,从来就没有偶然，有的都是显性或隐性的合作。
2023-11-18T15:46:51+08:00,思想与情绪有其物理的或化学的性质。
2023-11-16T15:01:37+08:00,词汇量是认知的基本盘。
2023-10-29T13:31:44+08:00,你会对你的想象反应。
2023-10-12T15:32:04+08:00,看似连续的有意识的觉知其实只是 快速的闪现。
2023-10-07T13:17:27+08:00,理论是标准解，不是完整解，更不是唯一解。标准解往往是共性的解，是归纳性质的。
2023-10-06T19:18:23+08:00,神就在你之内。
2023-10-06T19:00:24+08:00,处理观念的正确方式不是修复或覆盖，而是选择。
2023-10-06T18:28:05+08:00,要有安全区，各种意义上的。如：物质的、精神的、经济的、社交的。
2023-10-06T18:25:55+08:00,观念有层次，要靠近内侧越核心，也越基本。
2023-10-06T18:21:39+08:00,相似的观念互相靠近，互相影响。
2023-10-06T11:04:45+08:00,五感是体验物质世界的一种有效方式，但 不是唯一方式。
2023-10-04T13:58:29+08:00,虚假的谦虚没有灵性，否定自己并不意味着高尚。
2023-10-04T13:56:45+08:00,因为你爱它，所以你恨它配不上你的爱。
2023-10-04T13:55:20+08:00,理想与现实同时在场。
2023-10-04T13:51:27+08:00,你永远会是你自己，并且越来越是你自己。你既无法变做他人，也无法做出不是你的行为或态度——当然，你可以否认或假装看不到这一点。
2023-10-04T13:50:30+08:00,完美不完美。 或者说，并不存在一种静态的、死掉的、完成的完美。
2023-10-04T13:42:59+08:00,自我牺牲不是美德，那意味着全体的失败。
2023-09-26T12:20:11+08:00,现实是一种被合理化的虚构。
2023-09-21T13:44:38+08:00,实相从想像中跃出。
2023-09-21T13:42:42+08:00,别太严肃，把玩把玩。
2023-09-21T13:40:16+08:00,给想象自由。
2023-09-21T13:31:41+08:00,过去未去，未来已来，一切可能都 「正在发生」 。
2023-09-21T11:09:08+08:00,信为大，包容一切法。
2023-09-20T23:30:32+08:00,善意不用还。
2023-09-19T16:46:34+08:00,团体的情况总是包含全体成员的默许。
2023-09-19T13:40:28+08:00,极乐亦空，觉悟亦空，唯有道常在。
2023-09-18T17:14:49+08:00,生活中有那么多的不确定，还有比这更美妙的事吗？
2023-09-18T17:10:29+08:00,有趣的是画上句号，而不是句号本身。
2023-09-06T11:43:52+08:00,永远相信美好的事物正在发生。
2023-08-28T19:28:40+08:00,我对你根本没抱幻想。  我知道你愚蠢、轻佻、头脑空虚，然而我爱你。  我知道你的企图、你的理想，你的势利，你的庸俗，然而我爱你。  我知道你是个二流货色，然而我爱你。
2023-08-22T16:17:16+08:00,得到错误的答案有时不是因为解题思路不对，而是因为一开始就提出了错误的问题。
2023-08-22T13:56:09+08:00,形式即方法。
2023-08-22T13:51:07+08:00,理性思考对每个人都是稀缺品，因此人倾向于只在必要时理性思考。其余时候，则凭借经验和习惯行动。
2023-08-15T16:01:10+08:00,重复的不是历史，而是人类。
2023-08-05T23:35:47+08:00,剧情是时空下的人物，人物是潜藏中的剧情。
2023-08-05T23:28:36+08:00,故事的发展既可以是剧情推动人物，又可以是人物推动剧情，两者本质上是一回事。
2023-08-03T21:52:54+08:00,所有人都在即兴表演。
2023-07-15T17:45:57+08:00,欲望不是人的属性，是关系的属性。
2023-07-14T18:36:52+08:00,让观念奔跑。
2023-07-14T18:31:12+08:00,不要让你的药物成为你的病因。
2023-07-07T15:04:30+08:00,观点是对实相的看法，并不意味着实相本身。
2023-06-17T16:39:42+08:00,变动不居，吾心自足。
2023-05-26T21:20:36+08:00,越用意识，就越有意识。
2023-05-26T20:28:34+08:00,接触意味着可能性。
2023-05-26T20:18:51+08:00,弱者的胜率在既定规则之外。 反之，强者的胜率在既定规则之内——那就是他们制定的。
2023-05-25T09:24:59+08:00,构建 能复杂运行的简单系统 ，而非其反面。
2023-05-07T15:10:45+08:00,动机永远在场，从来没有被掩埋。
2023-05-05T23:08:59+08:00,闹市灯火千古人物，最是浪费长生永固。天阙空瞭人圆满，不如晌时三分，打上二两牛肉，黄酒一壶。静待美人迟暮。
2023-05-01T16:02:45+08:00,信息的反向效率除了促使其 向不同方向强化 外，还可以通过 停止重复 的方式达成。前者对冲了不同观点的影响，而后者限制了影响的扩散。
2023-04-30T22:11:10+08:00,信息的效率由 已知、预期、意外和重复 共同完成。正向的效率促使信息向相同方向强化，反向的效率则是促使信息向不同方向强化。
2023-04-30T20:01:45+08:00,重复的意义在于满足预期。 人类对符合预期有着某种原始的近乎幼稚的偏好，或许因为这暗示着一个稳定安全的发展。
2023-04-29T23:20:37+08:00,管理预期甚于控制风险，预期是风险的前置阶段。预期的失控往往是风险失控的开始。
2023-04-29T21:48:01+08:00,效率与质量不相容。 表达的高效是以表达的准确为代价的 ，可以高效传播的内容（文字、图片、声音、视频等）有着简略直白的倾向，复杂的理论会被简化为22条规则，高深的思想会被扁平为固定而具体的仪式或规则。
2023-04-14T12:34:42+08:00,有选择权才有发展权。
2023-04-14T12:34:42+08:00,选择权，选择权，还是选择权。
2023-02-12T15:35:48+08:00,预期管理，预期管理，还是预期管理。
2023-02-12T15:34:42+08:00,学识，破识，见识。
2023-02-11T23:49:32+08:00,销售的重点从来不是「卖掉」了，而「被买走」了。
2023-02-11T22:06:21+08:00,吸引，而不是说服。吸引预设了相同的立场，而说服预设了不同的立场。
2023-01-24T19:26:02+08:00,警惕是非题 ——相当多的是非题实际上是经过伪装的多选题。有意或无意的，其他选择被隐藏或简化了——直到只剩两个互斥选择。
2023-01-24T11:26:58+08:00,确定性或许只是一种过拟合。
2023-01-24T11:22:12+08:00,相比于不确定性，确定性或许注定只能是沧海一粟。
2023-01-24T11:20:40+08:00,绝大多数的认知可能只是一种过拟合。
2023-01-22T12:03:33+08:00,工具的囚徒。
2023-01-22T11:48:47+08:00,凡是可能，终将发生。
2023-01-22T11:46:00+08:00,意识、能量、物质三位一体。
2023-01-18T23:55:49+08:00,风险是相对的，而非绝对的，是动态的，而非静态的。
2023-01-17T23:55:00+08:00,先确保不输，剩下的就是赢多赢少的问题。先确保自己，再确保别人，确保的人越多赢的越多。
2023-01-17T23:53:12+08:00,在所有风险中， 输不起的风险是最大的风险 ——这会导致你失去参与游戏的资格。
2023-01-17T23:51:48+08:00,风险与收益不对等的才是机会。
2022-12-24T12:36:16+08:00,不能自洽的逻辑值得怀疑，但这并不表示自洽的逻辑就合理。
2022-11-11T17:08:56+08:00,人类社会很大程度上是建立在三人成虎的基础上的。
2022-11-11T17:07:43+08:00,任何确定的东西都是假象，本质上是 不确定性变慢到被人观察到而已 。因为变的实在太慢，所以被观察为确定性。从物质到精神，从生理到心理，从科学到玄学，都不出这个范围。
2022-08-14T12:08:11+08:00,溢价来源于对主流的合理挑战。既要能与主流形成差异，又要能合理化这种差异。
2022-08-14T10:21:52+08:00,复杂现象往往是寥寥几条简单规则所堆砌。因此，不要追逐复杂现象，要追逐其背后的基础规则。
2022-08-14T09:34:50+08:00,痛苦是观念冲突的自然表征。
2022-08-14T09:31:09+08:00,对自己诚实是认识自己的基本前提。
2022-08-13T18:50:57+08:00,绝大多数的努力不会以直接的方式获得回报。
2022-07-11T09:11:59+08:00,仪式是权力的具体化。 世俗体系下，多方共同完成仪式是每一个参与者对其在群体中的位置有一个或潜在或明确的共识。这个过程即使在看似非世俗的宗教体系下依然有效，保持晦涩艰深就必然曲高和寡，想广泛传播就不得不接受世俗化——仪式化。抽象的思想在观念层面达成共识过于困难，最终不得不转化成某种具体的更易达成共识的形式——仪式，仪式这种具体形式的解释权天然会产生权威，而后权力即出现。
2022-06-04T12:04:23+08:00,操作事件到其反面，一般有两种方法： 反对它，或假装加入的同时做极端 。大多数人对事件的判断标准是非常朴素的，且没有能力对看似一样的论述做细致分析。这就使得顶着「我是你这边」的名义，做极端的、情绪化的行动有了很大的操作空间。一部分人会发觉这种操作，并尝试将其和自己的主张区分开来，而这个行为会被没有发觉这种操作的群体所误判，于是割裂产生了。
2022-06-03T11:28:40+08:00,操作事件并使其是非不明，一般有两种方法： 信息缺失与信息过载 。前者比较容易理解，没有人知道发生了什么，自然也就无法评判孰是孰非。但随着技术的发展，社交媒体等载体的出现，这种方式的操作性在大幅度下降。于是，后者逐渐被更高频的使用，即不去阻止正确信息的出现，同时混以大量噪音。有些噪音属于虚假信息，有些则属于半真半假，还有些属于看似有关实际无关。由于每个人感兴趣的、容易被吸引的因素是有差别的，同时每个人对信息的处理能力也是有差别的，在评价门槛几乎为0的当下，群体与群体之间对同一件事的态度形成差异，进一步促使信息过载。最终，一件事实际是什么反而不是最重要的，矛盾被悄然转移到了因为同一件事的不同态度而被分割对立的群体之间。
2022-06-02T01:57:51+08:00,很多人类的愚蠢，其根源来自于朴素的理想主义。
2022-06-02T01:42:06+08:00,人类拥有着几乎无限的愚蠢，然而奇迹又往往被这些愚蠢所孕育。可以说，是一种「愚蠢二象性」了。
2022-06-01T13:41:30+08:00,观点的意义依赖其限定范围，而对观点的扭曲常常就源于超出了其限定的范围。这个方式总是被观点的反对者使用的很好——他们 通过将对方观点极端化来证明其荒谬 ，而对自己所支持的观点，却能很好的理解其有效的范围。
2022-05-25T14:36:20+08:00,就人类组织协作的进化而言，当下世界有两种主流认识： 一种以竞争求合作，一种以合作求竞争 。扩展来说，如果只能选择其一，你更愿意相信人类进化真正依托的底层动机是什么？是对恶的警惕还是对善的追求？
2022-05-20T15:21:18+08:00,一切事件都可以被简单的概括为 「将不确定确定化」 。或者说，从无数种可能的发展中，选择具现化的那一种。
2022-05-17T20:38:45+08:00,完美市场犹如经典力学，是一种对现实粗糙简化的模型。随着社会的发展，粗糙的模型会越来越难以正确反应现实，就像当初的经典力学—— 他有效，但并非总是有效 。
2022-05-17T20:37:47+08:00,市场不完美。
2022-05-14T18:04:53+08:00,现实是观察的实现。
2022-05-14T17:47:15+08:00,每天发生的奇迹会被视为日常。
2022-05-14T14:07:48+08:00,观察者同时也将是被观察者，一切被观察到的确定性皆不可避免的在观察者介入下完成。
2022-05-14T13:52:26+08:00,存在的本质是不确定的动态确定化，并在确定的过程中尽可能的体验发展的可能性。
2022-05-11T21:50:36+08:00,货币实际上是一种「提货凭证」，其价值由「供货方」的承认所支撑，并被实际发生的「交易」所证明。
2022-05-08T17:56:47+08:00,故事是一种虚拟冒险，以常识与想象塑造，让人在相对安全的环境下 体验另一种可能性的发展 。
2022-05-05T21:07:04+08:00,客观存在的达成离不开主观存在，反之亦然。
2022-05-05T20:47:07+08:00,观念自其产生那一刻起，就始终在寻求自身的具体化。
2022-05-05T19:28:54+08:00,一切以语言文字为载体的表述都是主观的，会印刻着表达者的主观——包括这句。
2022-04-24T13:40:52+08:00,时间是生物性的先感知一瞬间，再感知下一瞬间所造成的知觉假象。因果也是。
2022-04-24T13:39:25+08:00,时间并不流逝，流逝的是我们自己。某种意义上，时间只是度量我们流逝速度的计量单位——它本身并不存在。
2022-04-17T18:31:58+08:00,活着，同时假装活着。
2022-03-17T16:43:42+08:00,「悲凉」就是好人角色出于好的动机，为了好的目的而行动在客观上、结果上却帮助了坏人角色达到了坏的目的与坏的结果。
2022-03-14T02:18:23+08:00,物质的改变远慢于意识，「不稳定的认知」常常迫使意识追随物质而行动。这种迫使会进一步促使「认知的不稳定」，使得意识再次不得不追随物质而行动。意识被物质反复「教导」其没有选择，就会越来越「慌张」和「敏感」。然后，意识或许被成功教导去屈从于物质，或许寻求反抗的升级——更加的极端与对立——最终割裂。
2022-03-14T02:12:49+08:00,人有保持其认知前后一致的倾向，然而一致的倾向和一致的行动并不是一回事。也就是所谓的，明白很多道理，却仍然过不好一生。
2022-03-13T21:38:06+08:00,「无力」就是让角色持续处于「没得选」的状态，缓慢而持续的走向一个可怕的结果。即「无常」。
2022-03-10T22:56:50+08:00,「自由贸易」隐藏着一个巨大的假设——它默认交易双方是平等的。然而事实上，很多时候，强者和弱者的「自由贸易」里，弱者「没得选」。极端的自由实际上就是物竞天择，最终导向强者对弱者的剥削。
2022-03-04T20:21:11+08:00,沩仰自然，临济尖锋，曹洞细密，云门妙古，法眼言实。
2022-03-02T17:08:06+08:00,互联网的上半场是需求端的线上化，下半场则是供给端的线上化。上半场又被称为消费互联网，是通过线上这种新型的载体更低成本更高效率的消费掉已有的供给端库存。当线下的供给能力释放的差不多且消费端基本都线上化以后，就会进入下半场，即产业互联网，开始对供给端进行线上化。
2022-01-12T14:23:36+08:00,交叉询问是通过一系列的简短的对方会说「是」的问题，最终组合成对方或许想说「不是」但却不得不说「是」的结果。有些类似下五子棋，不断的用四子连珠迫使对手不得不在你期望的位置落子，最终以多个四子连珠的组合产生不可抵抗的结果获胜。
2021-12-26T16:26:42+08:00,相信「他人即地狱」会打开真正的地狱。 彻底的悲观并不能解决问题，也并不会使人深刻 ——反之亦然。
2021-12-22T19:13:21+08:00,象征是共同想象的具体化。
2021-12-21T02:17:26+08:00,现实是真实的象征，由想象所构建。例如金融市场里，价格是象征，价值是真实，而交易则需要基于某种想象才可以被达成——不断的交易最终促成了具体现实出现——市场。
2021-12-19T13:30:18+08:00,市场是有效的，但没有那么有效。
2021-12-19T13:26:06+08:00,任何群体决策或机制都将趋于有效，但并不总是正确。
2021-12-19T11:57:40+08:00,因果和时空一样，都是基本假设/共识。
2021-12-19T11:56:18+08:00,过多的变量会模糊因果，使得结果最终呈现为一种概率。
2021-12-17T16:02:57+08:00,三维世界本质上是一种时间与空间以不同形式不断交换的游戏。
2021-12-10T23:37:51+08:00,凡有所感，皆为碎片。
2021-11-27T16:22:15+08:00,个人性与集体性哪个更被强调，依赖于个人与集体达成了怎样的共识。共识的一致性越强，个人性越能够被宽松的表达；反之，共识的一致性越弱，个人性就越被泯灭，转化为多个群体之间的对抗。强一致性带来的个人性的绽放会迅速的在各个领域各个层面创新，并带来璀璨的发展。而后个人的冲突开始出现，类似的个人性聚集成小范围的集体。此时，或许能重新达成小范围的一致，进而继续前行；也或许无法达成小范围的一致，范围就会扩大，最终变成大集体的对抗，强一致性衰退成弱一致性。弱一致性的对抗在足够长的时间跨度内会以不同的形式得到解决，或许是全体重新达成一致，或许是完全的分隔成不同的数个集体，以不同的形式重新回到某个范围下的强一致性。周而复始。
2021-11-27T16:17:11+08:00,「法无定法，定无可定」与「尘归尘，土归土」。你是什么就会看到什么：经济学家看到了经济，历史学家看到了历史，社会学家看到了社会，心理学家看到了心理，法学家看到了法，政治家看到了政治。没有万法之法，只有当下之法。
2021-10-14T14:55:56+08:00,品牌是一定范围人群内共识的代表标记，品牌溢价来自于接受共识后每个人自愿对其维护所付出的代价。
2021-09-30T15:21:08+08:00,价值是可能性被确定后的产物。举例来说，你有多希望或多相信什么可以将一个不确定的事物确定下来，你的付费意愿就会有多强烈。
2021-09-28T01:12:29+08:00,值增熵减，值减熵增。自然万物都趋向从有序到无序，即熵值增加。而生命则需要通过不断抵消其生活中产生的正熵，使自己维持在一个稳定而低的熵水平上。生命以负熵为生。——薛定谔
2021-09-11T23:10:27+08:00,理论是理解世界的路径而不是结果。
2021-09-11T23:09:33+08:00,复杂问题没有简单解，但可以被简洁的表达。
2021-08-29T18:23:32+08:00,唯一的银弹就是没有银弹。
2021-08-25T19:55:19+08:00,「但凡有好的，那皆是好的」和「但凡有坏的，那皆是坏的」都不是常态，不要期待「完美」，因为 「完美不完美」 。
2021-08-14T14:59:26+08:00,自由的底线是不应消灭弱者，平等的底线是不应杜绝强者。 自由不应让社会走向取极大值或极小值，平等不应让社会走向取平均值。
2021-08-12T18:08:08+08:00,「我不管你，你也别管我」和「我管你，你也得管我」。
2021-08-12T16:15:11+08:00,从「真心认同」让位于「以为认同」开始，人类共同玩了一个游戏，叫 「比谁声量大」。理想情况下，所有人都尊重事实，不夸张，不扩大，不撒谎，不隐瞒，做到就事论事——当然实际情况远非如此。网络时代，声量大的就是会占据更多的注意力，并有更大概率获得认同——一个人是否真的理解并认同我传达的东西不重要——只要让他以为他认同、让他以为别人认同他最好也认同、让他以为别人认同他不认同显得他很蠢就可以了。只要有一部分人开始玩谁声量更大的游戏，这个游戏就会迅速波及所有人，你无法选择不玩，因为不玩就意味着你的声音几乎传达不出去，其他人「听不见」了。当主流的玩法变成了比「谁的声量」更大以后，参与其中的每个个体、每个组织、每个利益集合体自然而然的就会发现「抓两样东西」效果最好，一是「情绪」，二是「媒体」。小到网红，大到社会，从娱乐圈到文化圈，所有人都被这种玩法裹挟了。同样的，你无法选择不抓，因为不抓也意味着你的声音几乎传达不出去，其他人「听不见」了。
2021-08-12T16:05:19+08:00,没有人能精通所有领域，掌握所有信息，了解所有内情，因此即使在某个领域非常优秀的人，在其他领域依然有可能会显得很愚蠢，这并不奇怪。如果问题超出了某个人的认知边界，他就容易做出错误的判断，至少产生某种错误的影响。
2021-08-12T12:00:44+08:00,事物越复杂，可攻讦的地方就越多。无论是支持者还是反对者，就越能在其中找到自己所需要的东西。弥子，名瑕是卫国的嬖大夫。弥子瑕在卫灵公前很得宠。卫国的法律，私用国君车架的要处以断足。弥子瑕母亲病了，有人乘空隙连夜去告诉弥子瑕，弥子瑕假传命令驾着国君的车子出去了。国君听说了认为他很贤德，说：“好孝顺呀！为了母亲的原故，宁愿受断足之刑。”另一天，（弥子瑕）同国君一起在桃园游玩，他吃到一个很甜的桃子，便把这个没吃完的桃子给了国君。国君说：“这是多么爱我呀！忘记了他已经吃过了（这个桃子），来给我吃。”等到弥子瑕年老色衰了，（受到国君的）宠爱淡薄了，得罪了国君，国君说：“这个人本来就曾经假传命令驾驶我的车子，后来又曾经给我吃他吃剩下的桃子。”
2021-08-09T21:25:30+08:00,分歧的魔鬼藏在「限定条件」里。很多时候，事情并不只有简单的A/B两面——它往往有着很多 「限定条件」 ——在什么情况下，满足什么条件，如若怎样，便是如何如何的。分歧的参与者们如果不能正确的应对复杂场景，便很难自发的解决分歧——这令一部分人唏嘘，也令另一部分人欣喜。
2021-08-09T21:17:33+08:00,许多争论看似是围绕某一主题，实际上更多的是自说自话。因为人会忽略与自己观点不一致的信息，有意或无意的。
2021-08-09T19:26:26+08:00,有限的条件之下，过度平等会使个体的比较优势极小化，过度自由会使个体的比较优势极大化。前者消灭强者，没有竞争，进而整个族群逐代弱化；后者消灭弱者，没有合作，进而整个族群逐代割裂。
2021-08-08T12:27:45+08:00,平等与自由，孰轻孰重孰先孰后，构造了当前世界大纷争的底色。平等更强调群体性，它是某个群体之内，每个个体之间的比较，而自由则更强调个体性。过度的强调平等，会抹杀个体的差异性，反之，过度的强调自由，则会抹杀群体的未来，造成强者对弱者的压迫。人们当然希望既有平等，又有自由。然而很可惜，在限定的条件下，思想的落地并不那么容易，有些时候相当困难。群体不得不在平等与自由之间选择，集中资源去确保一个，而另一个在某个基准线上即可。
2021-08-08T12:27:45+08:00,普通人在复杂事件上的处理能力是人类文明的基础指标。
2021-08-07T19:12:42+08:00,傲慢是世界上最愚蠢的愚蠢。
2021-08-07T10:40:58+08:00,「观念」不是事实，「观念」是对事实所抱有的一种解释。有些「观念」很容易改变，或者会轻松的、频繁的改变，如股票价格；而有些「观念」的改变则相对困难一些——对于持有它们的人来说，对另一些人则又不那么难以改变，这两类人之间就会产生争议，大家互相都无法理解，为什么如此显而易见的事对方就是不懂？如饭圈；还有一些「观念」是如此的根深蒂固，如此的事实，以至于看上去不存在任何推翻的可能，如时空、数学。
2021-08-05T21:27:47+08:00,媒体的唯一意义是消弭信息不对称。对这一点的任何违背，都是对媒体其天性的失职。
2021-08-04T20:38:29+08:00,观念一定会被表达，以各种形式。
2021-08-04T20:38:27+08:00,观念是潜在的事实。
2021-08-04T20:30:34+08:00,自我是特定的观念集合。
2021-08-04T20:27:36+08:00,意识和波粒二象性。
2021-08-03T17:54:26+08:00,有意识为我知觉或俘获到我能知觉或俘获到的实相的能力，其余为无意识。
2021-08-03T17:40:49+08:00,「事件」是「物质」之象，「物质」是「事件」之形。
2021-08-03T15:58:23+08:00,观念是指向实相的指针。 有意义的不是观念本身，而是观念指向的东西。
2021-07-25T23:23:02+08:00,做品牌就是做「正向辨识度」。声誉决定品牌价值——好的品牌会在群体之中轻易的唤起正面期待。
2021-07-21T13:19:34+08:00,崇拜是独裁的温床。因为崇拜，被崇拜的偶像可以太过轻易的获得粉丝的认同，任何事、任何话、任何观点都会被接受。慢慢的，偶像以及偶像相关的人都产生了一种虚假的不可一世、掌控一切的感觉。这种感觉一旦产生，就很难允许不同的声音再出现——只要出现，就必须消灭——偶像怎么会错？对偶像最好的方式，是打碎对他的崇拜与不切实际的期待。每个人都是个「人」，他是，你是，我也是。
2021-07-20T17:46:42+08:00,广告应该是无感的，它应该是内容的一部分，甚至独自就能成为一种内容。移动互联网的普及下，一种媒介下的广告和另一种媒介的内容相比，毫无竞争优势。当你的广告出现，消费者很自然的就会切到另一个媒介上继续查阅内容。虽然你可以用某种形式强迫消费者不得不看到你的广告，例如开屏广告、电梯广告等，但这其实是一种饮鸩止渴——相比于现在可投放广告的渠道形成的市场规模来说，强迫消费者不得不看的入口不会太多——并且，这会进一步积累消费者对广告这个词的排斥。
2021-07-20T17:44:22+08:00,内容爆炸促使注意力前所未有的稀缺，进而使得广告变得更加让人反感。
2021-07-20T17:42:09+08:00,无论线上还是线下， 位置决定了流量 。要么投入成本租用好位置，要么投入成本自己成为好位置。
2021-07-13T18:40:43+08:00,寅游午戏戌之休，巳啖酉饮丑上头。申笑子兮辰时晚，亥牧卯指未渐秋。
2021-07-07T16:31:08+08:00,共识并不总是正确，很多时候它意味着 共同谬误 。
2021-06-29T11:29:20+08:00,存在必然有解释，也必然符合解释。个人与集体如何看待存在，共同影响塑造了存在存在的方式。
2021-06-28T22:02:24+08:00,理性的敌人从来不是感性，而是 狂热 。
2021-06-27T11:35:51+08:00,一切存在一切形式，放在足够大的时空跨度上终将失效。换言之，没有完美的结构，其他形式如定律、方法、系统、制度、模式皆如此。
2021-06-25T22:10:41+08:00,花自凋零水自流，风白月俏俊如勾。低眉浅吟唐歌颂，睥睨坳杀万户侯。人寻有，道无由，其中同见醉翁收。良辰不见云上客，恐只梦中笑春秋。
2021-06-20T18:14:04+08:00,故意忽视词语原本的含义，长期并坚持用错误的方式使用它，最终扭曲它的含义是一种 语境污染 ，或者说文化上的入侵。例如小姐原本是个好词，现在不能这么称呼了，又例如自由原本是个好词，现在也变了味道。需要警醒的是，这种「含义的变更」不仅可以是一种自然变化，也是可以人为推动的或塑造的。现在已经多少有了这样的苗头。再举个例子：起初它标榜「客观理性中立」的传播知识，然后你发现它夹带私活，它不客观也不理性也不中立，你否定它，它强调自己依然的「客观理性中立」的，你继续否定它。越来越多的「它」出现，慢慢的，你陷入狂热，以至于似乎忘记了你到底否定的是它还是「客观理性中立」。最后，「客观理性中立」变成了一种蔑称，好像任何宣称自己是「客观理性中立」就等于宣称自己就是「它们」的一份子一样。
2021-06-16T13:03:34+08:00,迤迤规然建尘缘，空成住坏一斯间。风吟有因摘云果，笃睐人寰四嚣天。
2021-06-14T18:09:21+08:00,如果每个局部都做了有益于自身的选择，却最终导致了整体的损失，那么便说明「局部构成整体的方式本身」出现了问题。
2021-06-06T15:20:41+08:00,一切能唤起超出常规语义范畴联想的概念都是品牌。例如中国制造、美国金融、德国人、中国风等等，他们是否让你想起了超过其字面意思的内容？如果答案是肯定的，那他们对你而言就是一种品牌。
2021-05-31T21:07:02+08:00,压力会迅速消耗并吞噬理性 ，在高强度竞争的场景中，把速度降下来反而会提高总体的胜率。就像猎豹或老虎捕食猎物，由于很多草食动物非常善于奔跑，因此猎豹或老虎并没有很多次失败的机会，他们必须悄悄的接近猎物，静静等待机会，一旦开始搏杀，则务必得手，否则就有可能因为体力不支最终伤害到自己。又比如在股票市场中，由于大量并不足够理智的人的存在，个股价格经常会陷入情绪性的新低或新高，聪明的人会选择降低交易频率并更加深刻的加以分析与判断，不被市场的情绪所裹挟，以优势的理性寻求更高的命中率和更小的失误率。
2021-05-31T20:50:18+08:00,以慢打快，后发先至。利用变化慢的来应对变化快的——某种意义来说，以不变应万变。你不需要知道十年后什么变了，但你需要知道十年后什么不变。例如你不需要知道十年后什么故事题材更受欢迎，但你需要知道如何讲好一个故事；你不需要知道十年后什么产品更受欢迎，但你需要知道为什么好产品会被认为是好产品；你不需要知道十年后人们使用怎样的通讯方式，但你需要知道人们为什么要通讯，通讯的意义和目的是什么。
2021-05-26T22:00:10+08:00,讲述的都是事实但故事不完整和讲述的故事完整但不都是事实相比，前者比后者要难以辨别的多。因为后者你只需要寻找不合理，它们要么为真要么为假，而前者你连是否存在不合理都不知道，对于缺失的那部分故事到底少了什么，有无数种可能。
2021-05-02T14:37:44+08:00,故事塑造的事实是虚构的，但却能带来真实的感受。它不灌输给你什么是对的，它让你感受什么是对的。
2021-04-24T19:51:12+08:00,有的人说 1+1=2，有的人说 3-1=2，有的人说 2+1-1=2，也有的人说 2=2。他们都对，也都不全对。
2021-04-22T15:28:53+08:00,「美好的存在」被人所追逐，不是因为「存在」，是因为「美好」。存在只是载体，它的 价值在于它能致使美好发生 。消费者购买钻孔机不是为了钻孔机，而是为了钻孔；某个新闻/事件/文案被广泛转发，不是出于这个新闻/事件/文案本身，而是出于转发者如何看待这件事。
2021-04-21T18:04:22+08:00,一切合作都建立在「利他」的基础上，利他就是利己，利己终将导向利他。自私与无私并非永恒的对立，实际上他们经常互相转化。任何行业，任何职业，任何人，其价值都可以以「他为其他人带来的价值」所度量。听起来这个标准似乎贬低了个人性，否定了主观意志，似乎带有某种强制性的去要求个体为群体付出——我并无此意。因为换个角度，如果你为其他人带来了价值，就意味着其他人对你具备某种程度的依赖，这种依赖和价值是相辅相成的，它会反过来成就你的个人性，你的主观意志。个体服务于群体，群体当然也服务于个体。人人为我，我为人人。
2021-04-16T18:49:44+08:00,理性是一种极度稀缺的消耗品。每个人的理性都是有限的，但程度不同。因此，某种意义上说，思考是一种奢侈。很多的不怀好意，其有效性都是建立在耗尽目标理性的基础上的。例如传销、PUA、某些野路子的营销等。
2021-04-15T16:10:38+08:00,局部优势的累加并不总是意味着全局优势，反之亦然。因为局部优势有时并不来自于人类的智慧——有时是集体的愚蠢。
2021-04-11T17:17:42+08:00,每时每刻，做最好的即兴表演。
2021-04-10T16:47:00+08:00,高效的节点会逐步替代相对低效的节点，高效的网络会逐步替代相对低效的网络。例如微博中，大V的声音总是远远盖过普通用户；大型企业对市场的影响力远远盖过中小企业；全球贸易分工体系中，大国的声音总是远远盖过小国；传统行业必须要拥抱互联网，拥抱信息化等等。
2021-04-10T16:43:27+08:00,节点可以被视为网络，网络也可以被视为节点，这取决于它和什么进行比较。任意网络在和更大的网络进行比较时，它是更大网络中的一个节点。反之，将任意节点拆开，其内部也必然存在一个或多个网络。
2021-04-10T16:32:29+08:00,某个角度来说，人类文明的发展实际上是「网络构建方式」的发展。更好的网络形成更好的组织、更高效的传播、更快速的融合，进而形成新的更好的网络，周而复始。
2021-04-10T16:27:42+08:00,网络的传播效率取决于网络中每个节点的连接密度与通讯频率。 交通网（陆运与海运）、通信网、互联网，乃至未来的物联网皆如此。
2021-04-03T18:48:35+08:00,调动注意力，不要调动判断力。「99%的人都觉得我说的对」吸引了注意力也调动了判断力——99%的人都认为正确的事并不多。当怀疑和抗拒产生，说服难度会成倍提高。「99%的人都感兴趣」只吸引了注意力，但没有调动判断力，因为这个论述的讨论空间很大，要判断是与否无法仅靠这句话得出——需要阅读详情。
2021-03-27T00:23:06+08:00,极端的观点天然的会腐化信息传播的质量。 对于同样极端的群体来说，这样的观点无疑是强有力的支撑，带来极大的满足，进而强化了自身极端的认知；对于不那么极端的群体或者普通大众来说，极端的观点具有很强的侵略性，可以让接收者感受到明显的不妥或不适，进而出声寻求沟通或交流。只要极端群体持续的保持极端的观点输出，那么不极端的群体显而易见的必须要保持克制——否则就会变成另一种极端。自然的，这样的沟通对不极端的群体要求要远高于极端群体。在多次沟通无果后，腐化越来越严重，越来越激烈意味着讨论空间越来越小，直到双方的观点都变的极端化且不容置疑——任何人都必须站队，否则就是敌人。
2021-02-01T01:14:30+08:00,理论往往会忽略特性而强调共性，然而实践并不总是允许忽略特性——那会导致失败。各个领域的理论在自己论述的范围之内既优雅又自洽，但是落地时却多少总有些磕磕绊绊。这是因为每个领域的理论都只是现实的一个维度，忽略其他维度进而在抽象意义上得出的完美解并不意味着在现实中也完美—— 现实是所有维度的集合。
2021-01-31T17:58:07+08:00,影响认知一般有两种方式，一为饱和的狂轰滥炸式的重复，二为四两拨千斤式的挑拨。前者成本高昂见效缓慢但胜在持久，后者成本虽低，但触达认知的通路曲折难辨效果不明。
2021-01-31T02:01:29+08:00,理论是实践的阶段总结，而实践是理论的动态补充。理论与实践必须相遇，不能厚此薄彼。
2021-01-29T19:50:47+08:00,哪有什么天生如此，有的不过是始终坚持。
2021-01-26T18:49:33+08:00,人不会从过去经历的事件中得到成长，但会从过去经历的事件给他的感受中得到成长。换句话说，使得他改变的是他对那些事的看法。这也是为什么统一的看法——共识有着极其强大的力量。
2021-01-16T19:33:11+08:00,模式可以提高效率，但也会制造偏见。有的人乐于挑战和调整自己的模式，而有的人则乐于忽略与自己的模式不相符的事实。
2021-01-16T19:28:51+08:00,人总是在识别模式，这是人认识世界的基本方式。例如在一堆一样的事物中发现不一样的东西，又例如在一堆不一样的事物中发现一样的东西。
2021-01-01T16:46:45+08:00,人热衷于在必然中寻找偶然，也热衷于在偶然中寻找必然。例如观看悬疑电影，大家都知道最终正义会战胜邪恶（必然），但却不知道会如何战胜（偶然）。
2021-01-01T16:46:45+08:00,必然得之于效率而失之于新意，偶然则相反，得之于新意而失之于效率。
2020-12-31T19:04:16+08:00,阻碍或反对其实是一种高强度的强调。 如果你希望某事某物消失，正确的做法是忽视它 ，因为越反对就越在彰显它的存在感。对于已经认定某个观点的人来说，外界的阻碍或否定越强烈，其对该观点的认同就越深入。例如：限量版的包或鞋子，限购的房子，限制加入的团队，无一不是在强调这些被限制的事物的价值。
2020-12-30T21:49:24+08:00,给人以明确的可得到某物的期待，再将该物拿走或延长其获得时间，会使得期待变得更强烈。这种过程暗示了该物的稀缺——否则怎么会这么难获得。例如限量版或缺货的商品。当然，这种方式需要拿捏尺度且不同群体对于同一个事物的稀缺性的认知判定是不同的，不能一概而论。如果获得难度太大而原本又没有足够高的期待，这种得而复失的方式会直接导致放弃，转而去选择其他替代品。
2020-12-28T20:39:17+08:00,相比于被别人的观点说服，人更容易被自己的观点说服。 善于说服的人会有意模糊自己与被说服对象之间的观点差异，通过引导对方自己得出结论来达成目的。例如很多商家会开展“说出你与品牌的故事”之类的活动。该活动的每一个参与者都会出于自愿而寻找并思考这个品牌的与众不同之处，进而自我说服。更有甚者，有的品牌还会替你写好开头，并建议你补全下半部分——既降低了参与的门槛，又提高了参与的欲望——因为人有补全的欲望。再例如著名的吊桥实验，无论在吊桥上被表白的是男人还是女人，他们都分不清楚自己的心跳加快是由于吊桥还是自己真的喜欢对方。如果其出于自身的感受而得出心跳加快是因为喜欢对方的结论，那么说服他们，让自己相信就毫不费力。
2020-12-28T20:19:47+08:00,影响别人的四个步骤：简单共识、自主认知、反向加强、主动加强。饭圈、传销、PUA乃至邪教都在广泛的利用类似的手段，要加以警惕。 简单共识：如果你希望别人接受某个观点A，就先对其表达一个和观点A没有直接联系的符合常规认知的观点B，并获得其肯定。 自主认知：等待沉淀，使观点B明确的成为对方自主认同的，可以表达对方的认知。 反向加强：使用一个和观点B相反的观点C去测试对方，判断其是否会主动维护观点B。 主动加强：当对方会主动维护观点B后，任何的反向加强都会使其更加极端的维护观点B，直到接受观点A。
2020-12-28T00:42:06+08:00,人类不仅群体性的共同发展与塑造了文明，也被文明所塑造。很多生理与心理上的喜好和倾向并不是古已有之的，而是随着人类文明的发展，逐渐的为人所选择和强化的。举例来说，电影的很多现在被大众广泛理解的表现手法，对于电影诞生之初的人来说并不那么容易理解。
2020-12-27T16:41:11+08:00,对于不确定信不信的事物，如果 使其先付出不可回收的代价，人会倾向于让自己相信付出代价的合理性。 这种行为或许是出于难以割舍的对沉没成本，也或许是出于避免认知失调，保持与自己认知的一致。例如一个人如果已经给某产品以正面评价，此时达成销售的成功率会更高；又例如先使得某个人付费或经历考核再加入某个群体，即使这个群体的价值实际上并不对得起这个门槛，人也会倾向于使得自己相信这个群体是具备其期待的价值的。
2020-12-26T16:01:27+08:00,一个人的喜好不仅直接表现为这个人自己喜欢什么，也间接表现为这个人喜欢的人喜欢什么。人会爱屋及乌。
2020-12-19T12:59:59+08:00,人始终在追寻认同，追寻与环境一致。在被认同的环境中，人更容易做出认同环境的行为。例如某个群体里某人是公认的营销专家，这个人会更倾向于做出最好的营销，以保持这种认同。又例如两个人的相似点越多，互相的影响就越大，哪怕这个相似点是有意识的寻找或制造出来的。
2020-12-15T02:29:06+08:00,「期待变更好」更让人欲望膨胀，而「立刻变更好」则让前者那种期待更容易发生。很多诱导人走向深渊的行为（诈骗、赌博、借贷等）都是利用的这一点——先以极低的代价获得确切的好处建立极高的期待，再收割这样的期待。
2020-12-14T17:04:11+08:00,越是强调两个或多个群体之间的差异性，就越会加强这些群体内部的一致性。简单来说，同甘苦或共患难过的群体内部，个体互相的依赖感和一致性更强。
2020-12-14T16:51:13+08:00,人天然有着向群体靠拢的倾向，并会通过各种方式反复强化与反复确认自己依然归属于该群体。例如常说的话、常用的词、常来往的人、常上的网站、常消费的产品、常青睐的品牌等等。营销会针对某个特定的群体说他们想听的话，例如描述这个群体美好生活的广告。对于认为自己理应属于该群体的人会通过购买行为强调自己的归属，对于已认定自己属于该群体的人则会通过购买行为再次确认自己的归属，对于不认为自己属于该群体的人会自动忽略且无任何不适，对于认为自己属于该群体却又无法通过购买行为强调这一点的人会不安且会有被排斥感。
2020-12-13T01:28:45+08:00,认同的作用巨大，光是做到「有意识层面的认同」本身就多少改变了事实。
2020-12-11T21:18:38+08:00,对人来说，产品、内容或服务自身是没有价值的，它们唯一的价值来自于他们给人带来的价值。也就是说，产品、内容或服务其实只是获得价值的途径或工具，具体的价值由具体的人评定。越需要它的人，价值越高，反之亦然。
2020-12-08T02:36:13+08:00,一切问题本质上都是观念问题。重要的不是名相，而是你对名相秉持的观念。
2020-12-06T16:00:02+08:00,人的消费行为是有阶段的，越重要的消费决策越是如此。不要总是期待一次性或短期内完成所有阶段，逐步推进各个阶段反而更有效率。例如希望客户购买某个服务，不要上来就直接奔着让客户掏钱进行销售。最初客户知道有这种服务；下一步客户产生兴趣；再下一步触客户主动询问以获得更多信息；直到最终成交。再例如某些品牌会对其下同一产品制作多种广告，也是基于类似的考虑。不同广告针对的实际上就是处于不同消费决策阶段的客户，回答那个阶段的客户所关心的问题，唯一的目的就是促使他们迈入下一个阶段。
2020-12-06T15:26:44+08:00,世俗意义上的美好有三个层级：功能、位置与选择。比如一杯咖啡，功能上的美好指这杯咖啡好喝；位置上的美好则是指这杯咖啡是什么咖啡豆，是否手调，什么品牌的，喝这种咖啡代表了我是一个怎样的人，别人会怎么看我，即我在我心里的位置和我在别人心里的位置，例如星巴克；选择上的美好将做某个事或不做某事变成了一种封闭的特权，例如只有我能喝到这种咖啡，别人喝不到，而且我可以选择带谁来喝。
2020-12-06T02:26:56+08:00,试用将「对美好的期待」转化为「对美好的实际体验」，出于对损失的厌恶，人就会倾向于正式购买。这种转化的前提是，试用带来的体验确实美好。
2020-12-06T02:20:00+08:00,相比于理性的分析与客观的数据，情绪与感受更容易被具体的故事所触动。人的共情是对同类的感同身受，而不是对统计出来的数字。对数字即使产生情感，也必然会先被人转化为某个故事，再对这个故事反应。
2020-12-04T22:47:42+08:00,售卖的过程实际上就是达成共识的过程，卖家需要正确回答买家三个问题：这是什么？有什么益处？以及我怎样才能得到这种益处？既要回答为啥买，又要回答如何买。有的人擅长回答前两个问题但无法回答第三个问题，他们懂得如何寻找卖点，传递价值，塑造声势，让买家产生兴趣，可就是不给购买方式。还有的人擅长回答第三个问题但无法回答前两个问题，他们知道如何建立渠道，接触用户，锚定价格，让购买流程通畅，可就是不懂说服买家。还有的人错误的回答了前两个问题，强行灌输好处或利用话术恐吓买家，常带来反效果，进而售卖失败。用这种方式，即使售卖成功也是杀鸡取卵，其代价是这个买家与卖家的长期联系，也就是所谓的客户终生价值。好的售卖过程必须用前两个问题，即「这是什么？」、「有什么益处？」来引发买家自发的产生第三个问题「我怎样才能得到这种益处？」，三个问题的答案都必须正确的给出。只有买家自发自愿的对卖家售卖的东西产生某种美好的期待，进而产生拥有它的欲望，且付诸行动满足了这个欲望，好的售卖才算达成。
2020-12-04T21:32:53+08:00,对于未完成或被中断的事，如果明确给出其解决路径或步骤，人会有很强的完成欲望。反之，如果一眼看不到解决的可能性，人则会倾向于拖延或忽略。前者例如游戏中突破重重阻碍，最后只差一步始终无法通关，此时建议玩家充值购买道具转化率极高。后者还是以游戏举例，上来就非常困难，没有任何操作建议或攻略，玩家很快就会被巨大的难度劝退，放弃游戏。任何需要与用户沟通的产品或服务，都必须尽可能的减少拖延并促进完成。
2020-12-03T17:41:43+08:00,文化是群体对某种生活方式的普遍共识。
2020-11-30T01:35:19+08:00,专注于什么，你就获得什么。即便你专注于不专注，你也会获得不专注。
2020-11-28T16:41:05+08:00,故事基本上遵循着从日常到非日常，再最终回归新的日常的过程。
2020-11-28T16:39:43+08:00,故事是极好的撮合共识的工具，它将理性与感性自然的没有痕迹的融合。故事不需要完美，只要整体上被听众所相信，其细节会自动的被听众个人化的补充。即一千个读者心中有一千个哈姆雷特。
2020-11-28T16:39:09+08:00,共识就是观念的共同体。
2020-11-28T16:38:20+08:00,从学到会的过程就是不断弥补知行间隙的过程。所谓知行间隙就是从知道到做到的间隔，高质量的学会过程要尽可能的增大知行间隙的个数，并让每个知行间隙尽可能的小。简单的说就是小步快跑。
2020-11-26T01:42:27+08:00,别人不关心你讲的东西，除非他认为你讲的东西与他有关。例如他有类似的经历，接触过类似的人，又或者他赞同你讲的东西所表达出来的观点与态度，期待成为那样的人，过上那样的生活。
2020-11-26T00:17:30+08:00,内容要使人印象深刻需要较强的画面感，而这种画面感往往又依赖于创作者从日常中创造非日常的能力。
2020-11-23T22:00:35+08:00,严格的说，唯一、绝对、明确的事实其实从没有存在过，存在的一直都只有人所秉持的看法。幸运也不太幸运的，绝大多数人自降生起就要学着掌握很多「基本看法」，以保持和群体以及环境一致，否则便无法生存，但也正因如此人类才能得以发展壮大。
2020-11-23T21:00:45+08:00,常用的内容叙述节奏是先用熟悉的事物让人产生预期（情理之中），再用反转去打翻预期（意料之外）。
2020-11-16T22:46:08+08:00,新生事物从诞生到被广泛接受，一般会形成至少一个「N」型曲线。从被一群人接受，到被另一群人反对，再经过撮合与调整，最终让所有人达成共识，曲折前进或螺旋式上升是常态。
2020-11-14T16:33:01+08:00,对于售卖「对美好的期待」来说，买家自己本身就是售卖内容的一部分，只有「合适的买家」才能让「合适的对美好的期待」成为事实。
2020-11-09T11:31:33+08:00,重视常识，那常常是塑造共识的起点。
2020-10-30T13:57:10+08:00,可观测的事实只是全部事实的冰山一角。
2020-10-25T21:21:31+08:00,用他们常用的词，说他们常说的话，做他们常做的事，成为他们的日常，再成为非日常。
2020-10-25T21:06:39+08:00,只有足够多的受众相信，你的「符号/标志/品牌」能「稳定的」提供「你独有的」、「对其口味的」价值，你的「符号/标志/品牌」的价值才成立。
2020-10-25T18:52:54+08:00,看起来像什么，它就是什么，否则你就在阻止人们接受它。
2020-10-25T18:46:32+08:00,思考是奢侈的，内容在传播的过程中，如果不能被瞬间理解，就会被忽略。
2020-10-22T19:40:05+08:00,对于媒体来说，标题就是其是否「好看」的主要标准。 只有足够「好看」的标题才能驱动受众打开并阅读其内容，进而体验到「好用」，甚至「好爽」。好看促使阅读行为发生，好用驱使阅读行为完成，而好爽则决定了阅读完毕后，是否会被传播。传播的主体没有标题，而只有内容，例如微博、短视频等，那么受众在一瞬间看到的内容将被作为是否「好看」的标准。
2020-10-20T23:24:39+08:00,视觉上的「好看」可被极低成本的感知，进而带来传播。
2020-10-17T18:08:17+08:00,从未体验过某个场景的人具备最大的可塑性，因为他还未形成在该场景下「与自己的共识」。 很多公司非常重视对「第一次做某事」的人进行营销，道理就在于此——他们还不明白这件事的「日常」做法是怎样的，很容易被说服付费。
2020-10-15T21:04:37+08:00,符合人认知的营销闭环应是：好看、好用、好爽。任何售卖都始于好看，终于好用，再生于好爽。好看不一定是视觉意义上的好看，正确的理解是：它的外形可以让人相信它可以完成某种功能。如果无法达到这个标准，则必然要在该产品的其他售卖环节做补充说明。完成购买以后，就进入到好用的阶段。这个好用至少要达成受众的预期，万千次的达成最终会形成群体性的共识，那就是品牌——这个牌子的东西可以达到某个目的，解决某个问题，表达了某种态度。如果好用超过了受众的预期，形成某种体验的溢出，那么好爽就会出现。好看决定了受众是否会购买，好用则决定了品牌价值是否得到累积，而好爽决定了受众是否会重复购买或者推荐其他人购买。
2020-10-13T13:43:14+08:00,需求因相信而存在，因事实而加强。
2020-10-11T12:37:46+08:00,每个个体所有相似行动的集合，就是他的自我。并非不存在集合之外的行动，只是人类过度关注相似之处，以至于对不同的地方视而不见了。
2020-10-09T15:03:30+08:00,是稚子弄影，也为影所弄。初，稚子无势，需借影之势而成事。后，稚子成势，影借稚子之势而成。如平台与内容的关系，最初平台没有内容，需要内容生产者去创造内容。当平台通过内容获得足够的流量后，内容不再稀缺，供需翻转。这个时候，相比平台需要内容，内容更需要平台给予更多的曝光。然后更多平台参与，对于稀缺内容，为了从其他平台那里争取好内容，供需又可能会再次翻转。
2020-10-08T13:50:07+08:00,世界是合作的，也是竞争的，终究是「合作」的。人类的善的，也是恶的，终究是「善」的。天下皆知美之为美，斯恶已；皆知善之为善，斯不善已。——道德经竞争由合作生出，恶由善生出。
2020-10-08T13:45:52+08:00,人类复杂的心理机制使得「真实的共识」并不总是那么明确的被认出和被认同。 简单来说，一个人可以明确的表示赞同「世界上还是好人多」，但心理上并不真的相信这一点，同时赞同「我遭遇的坏人比较多」这一点和前者在个人的认知中是可以同时存在且相安无事的。
2020-10-03T16:24:20+08:00,「保持与自己一致」和「保持与环境一致」是驱动人类「改变或不变」的主要动机。 好的说服/传播/营销，其表述的内容要让受众相信，接受这个内容可以让他们「保持与自己一致」或「保持与环境一致」，或两者兼备。
2020-10-02T15:14:15+08:00,客观其实是一种「共同主观」。 它在很多时候被当做「共识」的粘合剂。
2020-10-02T13:36:21+08:00,每个人都基于自己的观念理解自己所接触到的一切。 而每个人的观念又是由自身的背景、教育、经历的种种事件以及通过各式各样的传播工具所宣讲的普世价值观结合那一时刻持有的观念相互作用，互相影响着发展出来的。排除掉因为某些观念使得某些人心口不一的情况，即便出于真心，你所认为的「理所当然」放到足够大的群体中去，显而易见的会并不那么理所当然，甚至「谬之千里」。共识来之不易，越是影响深远、威力巨大的共识，越需要付出高昂的代价去达成。
2020-10-01T23:04:31+08:00,持有怎样的观念决定了会对事件做怎样的反应，以及产生怎样的情绪。
2020-10-01T17:01:24+08:00,「更好」比「好」更好。 这似乎是一句废话，然而魔鬼就藏在废话里。你需要明白：好没有标准——除非有一个「相对没那么好」的事物与「好」放在一起对比。如果你想出售一个东西，无论它是什么，是有形的还是无形的，是宝物还是垃圾，不要强调「它有好」，要强调「它比什么更好」——任何角度都可以。
2020-10-01T15:19:01+08:00,积极的共同经验塑造共识，反之亦然。「积极的」既可以是情绪，如快乐、感动，又可以是结果，如利益、好处。「共同经验」既可以是实际的，也可以是想象中的。例如弹幕，就是一种塑造共同经验的机制。某个视频表达了某个观念或某个态度，如果没有太大争议，参与弹幕的每个人都互相加强了对方对该观念的认可程度，少数不同的声音会没湮没。这种认可程度其典型表现形式就是满屏刷一样的语言——重复是极具力量的，于是又再一次的加强了这种体验。如果有争议，那么弹幕会迅速的分为两种乃至多种态度，每个参与者都会自然的找到符合自己观念的一边，将群体分为我们和他们。由于弹幕不支持明确的指定某个人进行回复，因此其整体上更侧重「表达」而不是「说服」，给人的感受更偏「群体的态度」而不是「个体的态度」。这也是弹幕这种形式为什么在东亚这种有集体主义文化的地区能发展壮大的部分原因。其他常见的塑造共同经验的方式，例如一起看电影，一起吃饭，分享私事，同甘共苦之类的很好理解，就不单独分析赘述了。
2020-09-29T23:50:10+08:00,好内容就是要做到「出乎意料之外，又在情理之中。」出乎意料之外制造的是「非日常」，情理之中则制造的是「日常」。人通过日常的部分带入自己，产生同理心，又通过非日常的部分去获得新的体验，产生新奇感。如果没有「出乎意料」的部分，内容会显得沉闷枯燥。而如果没有「情理之中」的部分，内容则会丧失真实感，整体透着假模假式与拿腔拿调，无法让人信服。
2020-09-21T21:06:03+08:00,传播的基本切入点只有两个：节点切入和网络切入。#### 一、从节点切入，需要先寻找「对待传播的内容感兴趣」的个体，「让ta更好」后，经过ta的推荐，连接上另一个个体，再让新的个体「更好」。从网络切入，需要先寻找已然聚集很多「对待传播的内容感兴趣」个体的网络，通过满足网络的要求，经过网络的推荐连接上网络内的个体。#### 二、从节点切入，是由点及面的策略，更精准但更缓慢，节点具有更多的个人性，要获得节点的推荐，对于不同的节点，需要不同的策略。但建立的连接相对网络会更稳固。从网络切入，是由面及点的策略，精准程度由网络的能力决定，效率很高，其中节点的个人性由网络维护，传播方只需要付出网络要求的代价。#### 三、常见的节点切入传播：私域流量、口碑、关键意见领袖KOL、关键意见消费者KOC常见的网络切入传播：各种形式的广告、各种垂直平台
2020-09-21T11:13:16+08:00,仪式是共识的一种表达形式，其作用是将共识传递给每个相关者。 集体性的宣告某个阶段的完成，新阶段的开始。也集体性的改变某些观念，形成某些新的态度。
2020-09-17T22:02:50+08:00,好的内容是「指月之指」，坏的内容是「蠡测管窥」。好内容借自身为跳板，引发受众联想，引导受众去寻找，使他们产生某种期待、信念以及发展。坏内容将受众束缚囚禁在自身之内，阻止受众发展，让受众相信「真理止于此」。
2020-09-15T22:16:06+08:00,对参与投票游戏的人来说，基本共识有两种：「正确的人赢」和「赢的人正确」。
2020-09-05T22:42:05+08:00,人会维护自己认同的事物：达成共识的每个人都会为维护该共识有所行动；而在不同共识之间，为了维护自身，则会相互影响、改变、融合。
2020-09-05T22:10:35+08:00,「投票」是人类社会中用来「明确共识分布」最常见的方式。例如市场，本质上就是一个投票游戏，每个人根据自己的需要接受或拒绝某个价格，并通过某种形式将这个「接受或拒绝」的结果传达出去。买方根据卖方的投票调整自己，卖方也在做同样的事。不同个体可以投票的数量是不同的，且不同个体为了投票结果有利于自己，有的会做出行动去影响别人投票：更优惠的价格、更好的质量、更深的私交、更特殊的回忆，甚至还有的会诋毁对手，不一而足。再如股票，买入、卖出与观望这三种行为本身就可以看做是一种投票，看涨？看跌？还是不确定？每一笔交易都是参与交易的买方与卖方达成的共识，这个共识又进一步影响了价格促进了新的共识的达成，周而复始，共识的分布由此而生。
2020-09-04T17:45:03+08:00,好的会越来越好，坏的会越来越坏，直到好坏的标准被重新定义。不要在对方的主场决战，要在自己的主场里决胜负。
2020-09-02T15:12:09+08:00,和自己对比，和过去对比，和他人对比，和环境对比。美好是对比出来的，它先存在于想象中，再促使其成为事实。「不好」对比「好」，「好」对比「更好」，存在于众多共同想象中的「美好」就是某种意义上的「事实」本身。
2020-09-02T12:59:48+08:00,要贩卖美好，不要贩卖客观，除非客观就是一种美好。
2020-09-01T18:13:33+08:00,每个人达成目标的过程中，都在不同程度的评估「有功」与「无过」的比例：在可承担的风险之内，尽可能有功，在可承担的风险之外，尽可能无过。当然，不同的人、不同的问题、不同的背景，其所能承担的风险是不同的。但基本模式并没有改变，即使是极度厌恶风险的人也依然如此，无非是其可承担的风险非常之小，达成的条件非常之苛刻罢了。可承担的风险越小，越追求「无过」，就越保守，越低于平均水平就越死板僵化；可承担的风险越大，越追求「有功」，就越激进，越高于平均水平就越动荡跳脱。
2020-08-30T23:22:44+08:00,人类会给予熟悉的事物更多信赖，而给予陌生的事物更多注意。熟悉会使得共识更容易达成，但却容易被忽略。而陌生会使得信息更容易被发现，但却容易引起警惕。因此，对于如何进入别人的认知之内这件事来说，在日常与非日常，熟悉与陌生之间，制造一种怎样的节奏尤为重要。
2020-08-26T23:54:31+08:00,达成共识的过程，本质上就是让「将信将疑」的人相信并期待「接受你的观点」后能带来「美好」的过程。对于已经处于「不信任」的人，则需要先使其从「不信任」变为「将信将疑」。对于相信并期待「美好」，可以是某种信任转移（数据、合同、好友/权威推荐），也可以是某种自我说服（赌场先让赌客赢钱、理财诈骗先付少量收益等）。
2020-08-23T02:17:19+08:00,叙述是一系列结论，而故事是一系列因果。叙述更侧重讲述是什么，而故事更侧重表达为什么。叙述是对已达成共识的确认，而故事则是推进共识的达成。
2020-08-09T14:24:55+08:00,既要是天马行空的云，又要是踏实精进的泥。既要如建筑师般巧思，又要如泥瓦匠般实干。谓之：知行合一。
2020-08-03T23:25:04+08:00,花开树下你正忧，离别秋，两相愁。衣绯白雪，不胜娇羞。三十轮回苦，是分时，悔未说。恍然十年月下烛，忘忧。清泪画月沟，伊人笑，心纠。
2020-08-03T14:12:31+08:00,人生如梦梦非梦，往事前尘亦非烟。只因身陷红泥处，半分痴顽半分贪。
2020-08-03T14:03:31+08:00,空是空非空不空，知就行成此中同。奈何人间多牙耳，金竟残花乐其中。
2020-08-02T22:30:04+08:00,城池破碎，深夜买醉。兵戎不退，你无畏。身边，有他相背。我不配。城南残垣，栀子山前。明珠断线，亲归我无回。叛城，无谓。只为你媚。引军东去，信你北，速退。你痴他倔，城碎，城碎，血染水中弯月。你是英雄遗孀，我是投敌叛将。庆功宴上，明眸皓齿，浅笑嫣嫣，正是往昔模样。一曲断红殇，怕是只断我肠。敌王笑，叛城为红孀。夜。白刃入肋，你流泪。轻抚青丝，好累。依稀光华，你啐我醉，且睡。
2020-08-02T22:22:04+08:00,卷西帘，晴当空，边柱青鸟路。星捞起，饮酒狂盅，千种粟，曾既马前布。梦中比邻，寒江双手，千年圆烟，禅蝉鸣泣，低吟浅笑一场松。
2020-08-02T22:20:04+08:00,胡人夜舞，山栾阻舟雾。君陌等，千年路。萍细雨，不相负，谁道婆娑苦。红泥重，烟波，凝固。
2020-08-02T22:19:04+08:00,大笑伤门秦夜舞，三番遮幕，可怒？红袖暖楼阁，亲不顾，只教狂徒侮，罢了，且负。
2020-08-02T22:18:04+08:00,青阁暖，玉殒风催烛。街亭小喧人怒，稚手推缘赴。浅笑，舒眉，心慕，何故？
2020-07-25T17:45:47+08:00,要让别人相信某件事，认同某个观点，首次的成本最高，之后逐次递减。因为人的决策具有路径依赖，首次决策不仅仅是决定某事本身，还包括了建立这样的路径。扩展开来，要尽可能容易的达成共识，最好的切入点是从已经存在的「路径」入手，用某个别人已经认同的观点作为跳板，更大概率能达成目的。反过来，如果从已经存在的「路径」切入，但表达的观念与这个路径所依存的观念不同，那就会破坏这个路径——连同依存的观念一起。举例来说，新生的汽车品牌在让消费者相信其「高端高品质」这件事上，所需花费的成本是远超奔驰的。奔驰已经完成的「路径」就是让「消费者相信奔驰等同于高端高品质」，这是新生汽车品牌所不具备且要去创造的。同样的，扩展来说，奔驰如果不卖车，改卖别的什么东西，比如咖啡，他就不能卖8元一杯，和便利店咖啡一个价位，因为这属于低端的价位，会破坏奔驰已创建好的「路径」。如果奔驰执意要长期卖8元一杯的咖啡，那么奔驰这个品牌所对应的路径就需要「如首次一般」重新创建，且不会再是高端高品质的代表了。
2020-07-25T15:54:15+08:00,人对价值的评估不是取决于实际价值，而是取决于其预期的价值。在不同领域里，「好」与「坏」的边界是有明确标准的，但当好坏的程度离边界越来越远时，标准就会变得越来越模糊；人们通过借鉴他人的评价、历史成绩、过往价格等因素来评估眼前事物的价值。因此，人们对价值与价格是有心理预期的。例如：吃火锅会享受到的服务应当是如何如何，海底捞超出预期的服务，于是评价物超所值。同时，海底捞的服务拉高用户对整个火锅行业乃至全体服务行业的服务预期——因为海底捞以这样的价格提供了这样的服务，心理预期被改变了。达不到这个预期的服务会被给予较过去更低的评价。
2020-07-25T15:14:02+08:00,想到又做到的方法：先脚踏实地，再伸手摸天。如同与别人达成共识要符合「认知节奏」一样，与自己达成共识，达成目标也要符合「认知节奏」。既要明确自己最终的目标是什么，又要将目标拆解为多个近在眼前的「伸手可得或稍跳可得」的步骤。具体步骤为：1. 完成一次步骤，你就离目标更近一点；2. 以「已完成的步骤带来的结果」为基础，反复执行1；3. 直到目标清晰可见的出现在下一个步骤之内。
2020-07-23T11:00:57+08:00,不得贪胜是“石佛”李昌镐的名言，也是他的信条。每手棋，都只追求51%的胜率，不追求精妙的棋招，日拱一卒，不断积累小的优势直至绝对优势。如同玩股票一样，稳定盈利先要追求「不赔钱」。
2020-07-21T21:27:32+08:00,所有体系或系统本质上只有两种结构，即网络与节点。网络代表了广度，节点则代表了深度。#### 一、基本不同的时代，不同的背景下，网络与节点具有不同的表现形式，但其结构是一致的确定的。对于信息的传播来说，节点是报纸、电视、广播乃至社交平台。对于商品生产与消费来说，节点是工厂、批发网点、零售店、百货大楼、购物中心。对于互联网世界的线上产品来说，节点是不同领域下的手机应用、网站。这些节点背后依靠的网络则是交通网、电力网、通信网以及互联网。企业也可以被看作是一个节点，不同行业的企业相互连接构成网络。每个个体也可以被看作是一个节点，那么个体的社交圈构成网络。#### 二、变化节点和网络本身会持续的迭代变化，就如社交平台逐渐代替了电视与广播，互联网逐渐代替了通信网一样。网络中相似节点会产生竞争，代表最高生产力的节点会存活，成为最强节点。网络中的资源会依据节点强度产生倾斜，以获得全局的最优。曾经代表最高生产力的最强节点如若有一天变得僵化，不再能使全局的资源分配达到最优时，新的节点就会产生，以创新的方式介入，并再度使得全局的资源倾斜得到最优的配置，成为新的最强节点。周而复始。
2020-07-18T18:16:26+08:00,产品的非功能价值由评价决定。要去给没有标准的事确立标准，并让足够多的人认同这个标准。通过各种方式影响群体，持续的达成并积累某种「价值共识」。这种共识凝聚在某个「标识」上，称为品牌。得到这种「价值共识」以后，便可以挟有共识的群体去说服无共识的群体。使他们相信：这个品牌就是有这么多价值。
2020-07-18T18:16:26+08:00,在不同领域里，「好」与「坏」的边界是有明确标准的，但当好坏的程度离边界越来越远时，标准就会变得越来越模糊。换言之，群体性的，在不同领域内，形成什么是好什么是坏的共识，比较容易；随着好或坏的程度逐步加深，例如很/非常/极端的好，很/非常/极端的坏，在同样极好或同样极坏的两个个体之间，区分高下会变得越来越困难，越来越难以形成共识。解决这种问题，目前整体上只有两种方式：### 一、人为的设计一个粗略的绝对的标准这个很好理解，就是人为简化了标准。例如体育赛事一场定输赢。然而我们都清楚，除非是以碾压的方式区分了高下；否则，对于同样顶尖差距不大的选手，谁也不能轻言下次谁会获胜。类似的例子还有，前几天2020英雄联盟职业联赛夏季赛，联盟垫底的队伍RW以2比0打败了去年的世界冠军FPX——顶尖高手之间的差距真的就在毫厘，难以明确界定。### 二、同领域的不同个体相互借鉴/引用对方的评价与行动艺术品也好，模特也罢，他们出售的并不是某个具体的功能，而是一种形式。这种形式是否被市场/消费者所认可是一件很主观，且需要长期积累的事。所有参与这个「形式定价」的人，消费者、评论家、媒体、生产者不断的执行说服工作，每次成功的交易都是一次成功的定价，这个定价会继续积累到下一次说服与交易的过程中去，形成头部效应，强者越强，弱者越弱。例如艺术鉴赏，知道莫奈、塞尚的人远多于知道居斯塔夫·卡耶博特的人，同时鉴赏家、收藏家也是更喜欢莫奈、塞尚的画作，影视作品里更多的提到莫奈、塞尚他们。 可是，当印象派不为世人所接受的时候，正是卡耶博特的行动推动并塑造了包括莫奈、塞尚等印象派画家的成就——只是除了他自己。卡耶博特和莫奈是好友，两人的作品在当时都不被认可，但卡耶博特出身富裕，自费购买并收藏了很多莫奈、塞尚、德加等印象派画家的作品。他还留下遗嘱，请求法国政府在他死后接受这些藏品。>卡耶博特死后，起初，法国政府毫不犹豫的拒绝了他的藏品，并认为印象派的画作没有价值，收藏他们太过荒唐。经过多年的抗争，卡耶博特家族最终说服了法国政府接受了一半的藏品，于1897年在卢森堡博物馆展出。这是印象派画作在整个欧洲第一次国家级的展览。>一个世纪以后，康奈尔大学的心理学家詹姆斯·卡廷从上万本图书中统计出7位印象派的代表画家——正是卡耶博特馈赠法国政府收藏的那7位。卡耶博特的画作真的没有资格作为印象派的代表吗？又例如模特星探通过寻找「好外形（Good looking）」的人，引荐他人成为模特。然而「好外形」是什么？却又没有明确的标准。在模特行业里，价格与质量没有明确的对应关系，没有一个定价标准可供经纪人们用来衡量模特们时间的价值。
2020-07-15T18:22:19+08:00,所有体系或系统的构建，本质上只有两种模式，即教堂与集市。教堂是抽象在先，先有蓝图，再填充细节；而集市相反，先具体执行，再提炼蓝图。在讲究快的场景，或一时半会无法有完整的视角与认知时，集市模式是很不错的选择，先落地，再通过实际执行的过程中，不断反馈并做对应调整。在注重稳定的场景，或调整的成本高昂时，往往就需要用教堂模式。明确每个环节与流程，评估考虑到不同情况并做好应对。这两种模式本身没有优劣之分，实施的人本身和需要解决的问题结合产生的特性会使得某一种模式会比另一种模式更适合，仅此而已。某一种模式即使当下相较于另一个模式更适合，随着体系或系统的发展，逐渐的，另一个模式变得越来越适合也没什么好奇怪的。甚至会出现两种模式并行于某个体系之内。
2020-07-12T01:37:43+08:00,"以点带面；单点突破，多点开花；T型战略；爆品战略；小资源破局，滚雪球扩大优势；集中力量解决主要矛盾。说的都是一件事：有1才能有2,有2才能有3。全力打出漂亮的令人印象深刻的1来，进入到别人的认知里，才存在说2的前提。"
2020-07-12T00:49:29+08:00,人总是尝试用自己熟悉的东西去解释不熟悉的东西，如果无法做到，就会出现一种阻塞感。如果你希望你的产品/内容/服务，更容易理解，更多次传播，更多的被人想起，就应在运营、营销、品牌等多个经营层面上尽量利用好这一点——尽量减少阻塞感，同时整体上维持熟悉感。注意，阻塞感不能低到无法察觉，因为这会被理解为和「熟悉的那个事物」没啥差别。营销理论中的定位、独特销售主张、品类细分等...本质上，都是这个观点的延伸。
2020-07-11T17:46:20+08:00,人对某个事物的态度，基本上可以简单的分三种：确信的、确定不信的和不确定信不信的。每个人的认知资源有限，接触到的与能接触到的信息也有限，因此「不确定信不信」的态度才是主流。无论是品牌还是思想，无论是人还是事，从陌生到熟悉，无论是否接受是否被人所认同，贯彻始终，持续在做的，主要都是说服「不确定信不信」的人往「确信的、确定不信」转移这件事。当你想说服别人的事物，处于对方的认知边界之外时，说服对方的不是事实与数据，而是其他东西。为什么会这样？很简单，因为你说的即使是事实，即使你拿出了可信赖的数据，因为这些都在对方的认知边界之外，对方根本听不懂。在对方无法将「你所表达的事物」与「自己所确信的事物」直接匹配上时，他只能寻找其他能间接匹配上的「自己所确信的事物」。例如： 你笃定态度：对方基于愿意相信你而相信你笃定表述的内容 你的背书：对方基于愿意相信为你背书的东西（大集团、大学等权威的组织机构，高级名词、术语等权威理论的代表）而相信你表述的内容以上事例，可以在人与人争执，演讲以及各种渠道的广告等，涉及「说服他人」的场景中频繁观察到。
2020-07-01T17:49:49+08:00,信息通过某种结构或形式来消除意义的不确定性。如网站菜单，App的Tab，地图导航，微博的Tag等都是通过某种标准对信息进行归类，以降低理解难度。从内容上，文字图片，到音频视频，都是不同形式的方便人阅读观看并理解的信息结构。
2020-07-01T17:49:45+08:00,信息传播的高效率是以信息密度为代价的；高密度/深度的信息对于推动传播的主体——「人」来说理解的成本高昂；因此三人成虎、误解以及信息的变形扭曲才总是难以去除。维持一定密度/深度且容易被理解的内容，在任何时候都是稀缺的。
2020-06-27T17:49:43+08:00,人与人建立联系，人与产品建立联系，人与品牌建立联系...人与一切事物建立联系，加深印象，在满足其需求的前提下，频率越高，连接路径越短，效果越好。
2020-06-27T17:49:41+08:00,## 一、节奏感「日常」与「非日常」的节奏，要根据目标人群对「产品/内容/服务」的了解程度有意识的设计。做一个粗略的分类，可以分4类：不知道、听说过、知道、很了解。（此分类不唯一，仅用来介绍如何去设计节奏）如果用户对我们一无所知，那么我们的主要任务就是向用户介绍我们，我们是谁，为什么做这个，我们能解决什么问题。这个时候越贴近用户，越让用户有画面感，用户的接受成本越低，因此全部都用日常堆砌。如果用户听说过我们，大概知道我们是做什么的，除了用日常强调用户已经知道的部分以外，还需要用更多的非日常去击中用户，令用户在熟悉的内容里，产生意外感。如果用户知道我们，那么他至少在我们这里消费过一次，说明我们是什么，我们能做什么曾经击中过他。这个时候要大部分使用日常，让用户产生足够的熟悉感，安心感，再制造尖锐而明确的少部分非日常，刺激用户，令其产生「还能这样？」的感觉，告知其我们不一样了。如果用户很了解我们，对我们有很深入的了解，对他们说话的时候，任何日常的东西都会令其不耐烦，因为他太清楚了，没有继续听下去的欲望。这个时候要简洁有力的，全部用非日常去瞬间击中用户，日常的部分让用户自己脑补即可。针对「产品/内容/服务」的不同阶段，面对不同的用户群体，要使用不同的节奏去触达用户。不同时间不同渠道不同地区的用户，所处的阶段可能不同，要设计符合目标用户群体认知倾向的策略。## 二、例子再说一些日常与非日常的例子。EM·罗杰斯在《创新的扩散》里提出的用户采纳模型，将人群特征分为：创新采用者、早期采用者、早期大众、晚期采用者、落后采用者。乔什·韦尔特曼在《一切都与广告有关》将广告分为四种类型：介绍新品的广告、鼓励试用或短期提高销量的广告、提醒消费者某种产品或服务为何与众不同的广告、让消费者知道某个公司崇尚的价值观与其相同的广告。俄亥俄州立大学的音乐学者戴维·休伦的研究表明，过去50年流行音乐常见的编排模式是：主歌、主歌、副歌、主歌、副歌、桥接。古老的文学经典如《贝奥武夫》、《奥德赛》、《伊利亚特》、《变形记》等都应用了重复、节奏、韵律和押头韵的方式，以确保自己被保存在下一个讲故事人的记忆里。
2020-06-26T17:49:41+08:00,## 一、综述人类的认知是有倾向的，无论是做产品、做品牌、做营销、做运营，乃至讲故事，甚至PUA，皆是如此。一句话概括：人类对以某种节奏在「日常中遭遇一些非日常」欲罢不能。## 二、产品做产品，大部分功能特性，要用用户熟悉的「日常」概念堆砌，这样用户一眼能看懂这东西能解决什么问题，联想到对应的使用场景，产生美好的预期；但又不能全部都是熟悉的，要有所不同，要「非日常」的给用户一些挑战，让用户感觉到「意外，但确实有用」。## 三、活动做活动，大部分流程与规则，要用用户熟悉的「日常」概念堆砌，降低用户的理解成本，快速明了参与活动可以获得的利益在哪里，如何利益最大化；但又不能照搬其他做滥了的活动或常见的利益。活动要延续，下次活动要维持上次活动的大部分特征；随着活动的反复举办，且每次有所不同，用户就会接受并习惯，开始期待这个活动的下一次举办，如双十一。## 四、广告做广告，视频广告要在短短十几秒几十秒的时间内，让用户明白某个品牌某个产品是做什么的，能解决什么问题；图片广告只有一张图，却要达到和视频广告一样的效果；因此从广告进入用户视线内的一瞬间开始，就必须能「日常」到立刻为用户所理解，某个场景，某个人物，他在做什么事，遇到了什么问题，用了什么东西，最后结果如何。这很短的一段时间内，还必须制造意外，也就是「非日常」，否则用户根本记不住——是的，人类的记忆也是倾向于记住「大部分一样，却又带点不一样」的东西。## 五、其他时下流行的短视频，参考视频广告，不再赘述。## 六、故事讲故事，整个的框架终究离不开主角通过某种方式，经历了某个过程，解决了某个问题，达到某个结果。故事必然有开头有过程有结尾；故事也必然有人物有事件；故事的人物行动与事件发展也必然是可理解的；否则就不是个故事了。但是，好的故事必须要把熟悉的事讲陌生，把陌生的事讲熟悉。## 七、PUAPUA，确立关系之间乃至确立关系之初，通过关心、照顾、讲段子等各种方式给予对方非常舒适的体验，让对方对未来的生活产生好的期待，使其认知这种体验为可持续的长期的「日常」；待关系确认之后，逐步缓慢的减少这种「体验」，由低频到高频的给予「非日常」；为了维持「日常」或回到过去的美好，对方会逐步让步，进而回到一段时间的「日常」；然后再给予「非日常」，直到得到想得到的一切。
2020-06-26T17:49:41+08:00,黎万强在参与感中总结，消费观念的发展经历了功能、品牌、体验、参与这四个阶段。为什么？因为产品最初为人所需，提供的价值是纯粹「功能」性的；之后产品变的丰富，同质化出现后，「品牌」就成了产品价值的代表；随着买方话语权的进一步扩大，除了功能价值外，买方开始要求产品的非功能价值，不仅要有用，还要用的「体验」好；当产品的同质化，丰富性极大以后，买方不再满足于消费完成品，进而要求参与产品的生产，在半成品阶段就「参与」进去。生产者与消费者的边界开始模糊，生产力的发展使得需求越来越可以被个性化的满足。未来工业互联网，中国制造2025，工业4.0，物联网等概念逐步实践，会再一次释放生产力，使得千人千面越来越深入的出现在各个领域。
2020-06-26T17:49:40+08:00,信息首次传播的效果最好，然后效果递减。信息新触达的节点/人在决定是否继续传播时，决策成本高昂；除非有一些改变，重置传播的决策成本，之后再次效果递减。好的信息传播要减少疑问/决策成本，减少的疑问越多，传播的效果越好也越持久。
2020-06-25T17:49:45+08:00,过去内容（商品/产品）比人稀缺，现在人比内容稀缺，且人会越来越稀缺，人增长的速度远小于内容增长的速度。内容稀缺的时候，卖方优先去找好的内容，放到好的渠道，买方去固定的位置（百货商店、大卖场、广播、电视）进行消费。买方没有选择或选择很小。内容的增长速度超过了人，且越来越比人的增长快。内容不再稀缺，人变的稀缺，卖方开始优先去找买方，买方在哪里，就放在哪里的渠道进行销售。买方的选择变多，话语权变大，且通过相关的工具如社交平台，买方的影响力开始可以倒逼卖方做出改变。卖方要求具备千人前面的能力，为买方提供足够个性化的内容，同时出现独立的以出售「帮助买方选择」为内容的卖方。内容的规模远超过人的规模，过于海量的内容，即使通过特别的工具也依然超出买方选择能力，同时卖方千人前面的能力足够强大时，买方将部分选择权交给卖方。例如淘宝的个性化展示，今日头条的新闻筛选，各个社交平台的推荐体系等，由卖方根据买方的需要，主动将内容先筛选，之后再传递给买方，由买方选择或消费。内容的规模会继续超过人的规模，出于人的稀缺性，流量的稀缺性，相关的社群、私域、病毒营销等才越来越被提到台前。
2020-06-25T17:49:44+08:00,人寻求改变，必然也只能从自己所熟知的地方向外看去，向外寻找。互联网公司联合出租车、私家车就成了滴滴，而出租车公司早在滴滴之前就尝试过利用互联网辅助提高叫车效率，但依然是出租车公司。这不仅是因为每个人都是在透过自己的认知，自己的观念认识环境，并决策与行动。也可以说是因为对很多人来说，「安全的改变」本身就意味着「在熟悉的范围内重复，其间掺杂一些不影响全局的改变」。
2020-06-25T17:49:43+08:00,「立刻变更好」与「期待变更好」都满足人类的本质需求。「立刻变更好」与「期待变更好」主要差异在于等待时间，等待时间在多少以内属于立刻，多少以上属于期待没有明确统一的标准，两者的区分更多是大略的。多数商业上的发展进化，本质上都是在用立刻变更好去替代期待变更好，效率更高，成本更低，规模更大，影响更深。也就是说，凡是可以立刻变更好的，终归会立刻变更好。多数业务都同时具有「立刻变更好」与「期待变更好」两种属性，但会以某一种为主。以短视频为例，如果正在观看的短视频某用户毫无兴趣且他不可跳过，那么为了看下一个可能有意思的视频，他抱有的某种期待促使他坚持看完当前视频。虽然短视频属于立刻变更好的类型，但上述这个抱有期待等待当前视频结束的过程，却是一个期待变更好的过程。也因此抖音快手都是允许鼓励用户极容易的划过他不感兴趣的视频，维持立刻变更好的体验。凡是可以立刻变更好的，终归会立刻变更好。是否存在无法立刻变更好，纯粹的期待变更好？有，不可证伪，也不可证真的事物，不可复现或难以复现的存在，如宗教。
2020-06-25T17:49:42+08:00,某个需求是否有效，不仅要看是否能找到愿意为这个需求改变其行动决策的足够多人数的群体，还要看这个需求是否真的满足了这个群体中每一个个体对自己和对群体，或明确或模糊的一些观念。本质上，人类的需求在于寻求美好。而寻求美好又分为自认为的和群体中的。有些人重自身多于重群体，而有些人反过来。对群体或个人说话，让其相信某个新的产品或服务，能令其自身更强或免于更弱或令其自身在群体中更强或免于在群体中更弱。
2020-06-25T17:49:41+08:00,生产什么样的产品或服务？如何让产品或服务为大众或目标群体所知道？如何让他们认可？让人们相信这个思想/产品/服务/事物能解决他们的问题，满足或超越他们的期待。一切都基于人类对自己，对群体，对不同组织，对社会，对国家的期待，而这期待又来源于其自身的观念。影响个人行动与决策的观念来自两部分，即个人对自己和个人对群体对外界。对外界的观念又分为有明确规则的，如法律；和没有明确规则的，如个人凭借其经验判断得出的外界或群体的观念。
2020-06-25T17:49:40+08:00,营销是对尽可能多的人说他们想听的话。无论是传统媒体，还是现在的社交网络，接触到尽可能多的人的方法变了，但本质没变。
2020-06-24T17:49:40+08:00,所有产品本质上都是对内容分发的再构建。互联网是交通网的线上版本。任意产品，其要么更偏节点，要么更偏网络，要么两者皆是。线下通过寻找占据优势位置成为节点，甚至形成网络。如都市圈，购物圈，商业街，大型超市等是网络，不同网络用交通网连接。普通的小型饭馆理发店等则是节点。而节点更倾向于提供其特有的内容，完成某种服务。网络更倾向于提供平台，允许多个节点入驻提供多种内容，完成多种服务。
2020-06-24T17:49:40+08:00,物质得到足够的满足，加上互联网的迅猛发展，消费者的声音通过各种社交平台、聊天工具等渠道汇聚，被传播，被放大。共同发声的消费者对生产者产生足够的影响力，驱使生产者做出改变，以获得更多消费者的认同。团购，是消费者聚集后要求生产者在价格上做出让步。点评，是消费者对某个生产者的集中印象。饭圈，养成式明星，是粉丝聚集后要求艺人公司给自己喜爱的艺人更多的资源。以此为基础，生产者除了让步外，开始寻求更高效的方式与消费者打交道，于是由生产者主动发起，以表达生产者观念为主体的社群出现了。社群拉近了生产者与消费者的距离，以至于模糊了生产者与消费者的边界，消费者既可以消费购买生产者的商品或服务，又可以化身为生产者的一部分，去传播放大生产者的影响力，甚至直接售卖生产者的商品或服务。
2012-09-03T17:42:24+08:00,牛粪一坨，花香满，少时贪智，多空世，说去不去，讲来不来，当得问，一坨牛粪故。
2012-08-19T16:46:24+08:00,青丝挽，板凳种菩提，生三点繁茂，撒欢去，能否得住？如不来，且可摸得？
2012-06-16T19:27:24+08:00,一书一戏一块钱，一觉睡来一更天。一睁一闭一杯酒，不知醒时是何年。
2012-05-16T16:21:24+08:00,又是一年雨时节，江南鱼游止未歇。风还景致独酤好，狂花晓月影一瞥。
2012-05-14T10:19:24+08:00,九天沉吟迟未潜，但间凡月饮龙泉。终得一夕端云起，散尽农尘把天方。
2010-12-04T09:32:24+08:00,冲动的运动员，怪癖的数学家，不红的小说家，虔诚的宗教徒，好色的设计师，多疑的军人，敏感的诗人，骄傲的棋手，死了哪一个？
2010-10-28T07:42:24+08:00,笑啖生死两茫茫，不到黄泉不饮汤。若把前尘交一梦，倚在梦人富安康。
2010-10-25T11:09:24+08:00,禅肆禅空禅笑禅飞，诉不尽婆娑芳华。道卷道舒道狂道哭，剪不断红尘溪铸。
2010-10-19T07:31:24+08:00,云淡风轻笑一笑，天高地远傲一傲。我度人生狂一狂，嘘言不语道非道。
2010-10-18T17:17:26+08:00,法不净空，觉无性也。
2010-10-16T16:34:24+08:00,人说易来事也难，只因人心始不单。若要难来易非易，何盼答案河畔安。
2010-10-09T06:20:24+08:00,一即一万万即一，低即高来高即低。天非天且地非地，我非我却你非你。
2010-10-06T02:23:24+08:00,人生如梦梦非梦，往事前尘亦非烟。只因身陷红泥处，半分痴顽半分贪。
2010-10-05T00:05:43+08:00,谁道睡时睡是醒，睡是醒来醒为谁。世人皆笑我愚痴，只为色来不为禅。
